0,UNDEFINED,Cliente Não Identificado,"Cliente ligou, mas não executou nenhuma ação na URA."
1,IDENTIFICACAO,Cliente Identificado,Cliente se identificou na URA.
10,CLIENTE_OK,Cliente Identificado,Cliente foi identificado.
100,DESAMBIG_BL_OU_TV,Cliente Identificado,Desambiguação do cliente com TV e Banda Larga
10000,CONFIRMA_NAO_CLIENTE,Cenario Prospects,Estado que confirma se o cliente é ou não um assinante da SKY
10001,JA_SOU_CLIENTE,Cenario Prospects,Informou que já é um cliente da SKY
1001,MENU_PRINCIPAL_POS_PARA_BL,Banda Larga,Desambiguação do cliente para o menu Banda Larga
10011,FATURAS_PAGAMENTOS_BANDA_LARGA_POS_DESAMBIG,Banda Larga,Cliente deseja falar sobre assuntos financeiros - Banda Larga
10012,MENU_TEC_POS_PARA_BL,Banda Larga,Cliente deseja falar sobre Problemas Técnicos - Banda Larga
100121,PROBLEMAS_DE_SINAL_BANDA_LARGA_POS_DESAMBIG,Problema Técnico - Banda Larga,Cliente com problema de conexão na Banda Larga
100122,VISITA_TECNICA_BANDA_LARGA_POS_DESAMBIG,Banda Larga,Cliente deseja visita técnica para o serviço de Banda Larga
100123,DUVIDA_ACOA_BANDA_LARGA_POS_DESAMBIG,Banda Larga,Outros assuntos referente a problemas técnicos - Banda Larga
100124,TROCA_DE_SENHA_WI_FI,Problema Técnico - Trocar Senha Wifi,Veio do Menu Técnico do  Pos  Pago e quer saber como trocar a senha Wi -fi.
10013,VELOCIDADE_INTERNET_TEM_2MB_BANDA_LARGA_POS_DESAMBIG,Banda Larga - Alterar Velocidade,Cliente deseja alterar velocidade da Banda Larga 2 MB
100131,QUER_AUMENTAR_A_VELOCIDADE_DE_INTERNET_BANDA_LARGA_POS_DESAMBIG,Banda Larga - Alterar Velocidade,Cliente deseja aumentar a velocidade da Banda Larga
100132,QUER_SABER_SOBRE_OUTROS_PLANOS_BANDA_LARGA_POS_DESAMBIG,Banda Larga,Cliente deseja saber sobre outros planos de Banda Larga
10014,VELOCIDADE_INTERNET_TEM_4MB_BANDA_LARGA_POS_DESAMBIG,Banda Larga - Alterar Velocidade,Cliente deseja alterar velocidade da Banda Larga 4 MB
100140,BLPROBLEMAS_TECNICOS,Problema Técnico - Banda Larga,Cliente BL que está com problemas técnicos que não está em recência.
100150,PROBLEMAS_TECNICOSBL_CONEXAO,Problema Técnico - Banda Larga,Cliente que está com problemas de conexão na banda larga
100151,PROBLEMAS_TECNICOSBL_RESETMODEM_FEITO,Problema Técnico - Banda Larga,Cliente informou que já fez o procedimento de reset do modem
100152,PROBLEMAS_TECNICOSBL_RESETMODEM_NAOFEZ,Problema Técnico - Banda Larga,Cliente informou que não fez ainda o procedimento de reset do modem
100153,PROBLEMAS_TECNICOSBL_NAO_ABRE_PAGINA,Problema Técnico - Banda Larga,Informou que está com problema técnico na banda larga de não abrir a página
100154,PROBLEMAS_TECNICOSBL_CONEXAO_CAINDO,Problema Técnico - Banda Larga,Informou que está com problema técnico na banda larga de conexão caindo
100155,PROBLEMAS_TECNICOSBL_NAVEGACAO_LENTA,Problema Técnico - Banda Larga,Informou que está com problema técnico na banda larga de navegação lenta
100156,PROBLEMAS_TECNICOSBL_NAO_ABRE_PAGINA_CABO,Problema Técnico - Banda Larga,Problema técnico de não abrir a página conectado via cabo
100157,PROBLEMAS_TECNICOSBL_NAO_ABRE_PAGINA_WIFI,Problema Técnico - Banda Larga,Problema técnico de não abrir a página conectado via wi-fi
100158,PROBLEMAS_TECNICOSBL_CONEXAO_CAINDO_RECORRENTE,Problema Técnico - Banda Larga,Problema técnico de conexão caindo frequentemente
100159,PROBLEMAS_TECNICOSBL_CONEXAO_CAINDO_POUCO_FREQUENTE,Problema Técnico - Banda Larga,Problema técnico de conexão caindo as vezes
100160,PROBLEMAS_TECNICOSBL_ANTENA_REGIAO,Problema Técnico - Banda Larga,Problema técnico de banda larga na antena da região
10017,RECLAMACOES_BANDA_LARGA_POS_DESAMBIG,Banda Larga,Reclamação sobre Banda Larga
10018,CANCELAMENTO_BANDA_LARGA_POS_DESAMBIG,Banda Larga,Cancelamento de Banda Larga
100180,REP_BANDA_LARGA_POS_DESAMBIG,Banda larga - Representante,Cliente solicitou falar com atendente no menu principal pós para BL.
1002,DESAMBIG_PROD_BL_OU_TV,Identificação - Possui Contratos,O usuário possui contratos banda larga e pay tv e vai escolher sobre qual deles quer falar
10021,DESAMBIG_PROD_BL_OU_TV_ESCOLHEU_BL,Identificação - Possui Contratos,O usuário possui contratos banda larga e pay tv e escolhe falar do banda larga
10022,DESAMBIG_PROD_BL_OU_TV_ESCOLHEU_TV,Identificação - Possui Contratos,O usuário possui contratos banda larga e pay tv e escolhe falar do pay tv
1003,DESAMBIG_PROD_PRE_OU_BL,Identificação - Possui Contratos,O usuário possui contratos banda larga e pre pago e vai escolher sobre qual deles quer falar
10031,DESAMBIG_PROD_PRE_OU_BL_ESCOLHEU_PRE,Identificação - Possui Contratos,O usuário possui contratos banda larga e pre pago e escolhe falar do pre pago
10032,DESAMBIG_PROD_PRE_OU_BL_ESCOLHEU_BL,Identificação - Possui Contratos,O usuário possui contratos banda larga e pre pago e escolhe falar do banda larga
1004,DESAMBIG_PROD_TV_OU_PRE,Identificação - Possui Contratos,O usuário possui contratos pr pago e pay tv e vai escolher sobre qual deles quer falar
10041,DESAMBIG_PROD_TV_OU_PRE_ESCOLHEU_TV,Identificação - Possui Contratos,O usuário possui contratos pre pago e pay tv e escolhe falar do pay tv
10042,DESAMBIG_PROD_TV_OU_PRE_ESCOLHEU_PRE,Identificação - Possui Contratos,O usuário possui contratos pre pago e pay tv e escolhe falar do pre pago
1005,DESAMBIG_PROD_TV_PRE_OU_BL,Identificação - Possui Contratos,"O usuário possui contratos banda larga, pay tv e pre pago e vai escolher sobre qual deles quer falar"
10051,DESAMBIG_PROD_TV_PRE_OU_BL_ESCOLHEU_TV,Identificação - Possui Contratos,"O usuário possui contratos banda larga, pay tv e pre pago e escolhe falar do pay tv"
10052,DESAMBIG_PROD_TV_PRE_OU_BL_ESCOLHEU_PRE,Identificação - Possui Contratos,"O usuário possui contratos banda larga, pay tv e pre pago e escolhe falar do pre pago"
10053,DESAMBIG_PROD_TV_PRE_OU_BL_ESCOLHEU_BL,Identificação - Possui Contratos,"O usuário possui contratos banda larga, pay tv e pre pago e escolhe falar do banda larga"
1006,URA_PRE_PAGO_CLIENTE_SEM_CONTRATOS_PRE_PAGO,Identificação - Não Possui Contratos,O usuário liga na URA Pre Pago e não possui contratos Pré Pago. Orientamos ele a ligar na URA SAC
1007,URA_VC_OU_CRAP_CLIENTE_SEM_CONTRATOS_PAY_TV,Identificação - Não Possui Contratos,O usuário liga nas URAs VC ou Compra Rápida e não possui contratos Pay TV. Orientamos ele a ligar na URA SAC
1008,URA_RENEG_CLIENTE_ADIMPLENTE,Cliente Adimplente,Cliente liga na URA Cobrança porém não possui contratos inadimplentes
102,CLIENTE_OK_BYPASSED ,Cliente Identificado - ByPassed,Clientes direcionados ao ATH via mailing
11,CLIENTE_PREPAGO,Cliente Identificado,Cliente informou que possui o plano Pré Pago.
111,CLIENTE_PREPAGO_NAOHABILITADO,Pré Pago - Não Habilitado,Clientes pré-pago sem sinal habilitado.
113,PRE_PAGO_MENU,Pré Pago - Tem Carga,Indica que o cliente navegou no menu Pré Pago e tinha carga.
1130,ONDE_RECARREGAR,Pré Pago - Recarga,Informar o Cliente Sobre o Plano Contratado com Possibilidade de Recarga
11300,MENU_PRE_PROGRAMADA,Pré Pago - Recarga Programada,Menu de opções falar sobre alguma opção referente a recarga e outras opções. Estado concatenado com o anterior. Apenas pra clientes com recarga programada
113001,PRE_REC_PROGRAMADA_COMPRAS,Pré Pago - Recarga Programada,Entrou no menu para clientes com recarga programada e escolheu a opção Compras
113002,PRE_REC_PROG_CANCELAMENTO,Pré Pago - Recarga Programada,Cliente Pré Programada que deseja cancelar a assinatura
11301,MENU_RECARGA_SEM_UP,Pré Pago - Recarga Programada,"Estado para clientes recarga programada Advanced, sem opção de troca de plano"
113012,PRE_REC_PROG_SEM_UP_TROCA_CARTAO,Pré Pago - Recarga Programada,"Estado para clientes recarga programada Advanced, optou pela troca de cartão"
113013,PRE_REC_PROG_SEM_UP_CANCELAR,Pré Pago - Recarga Programada,"Estado para clientes recarga programada Advanced, escolheu opção cancelar"
11302,MENU_RECARGA_COM_UP,Pré Pago - Recarga Programada,"Estado pra clientes todas Recargas Programadas, menos Advanced, com uma opção que permite fazer a troca do plano"
113020,UPGRADE_RECARGA_PROG_COM_PACOTE,Pré Pago - Recarga Programada,Clientes Recarga Programada que veio do MenuRecargaComUP e possui a opção de UPGRADE de pacote
1130200,CONFIRMA_UPGRADE_PROGRAMADA,Pré Pago - Recarga Programada,Cliente Recarga Programada  e o cliente acabou de escolher um pacote para UPGRADE
1130201,CLIENTE_NAO_ELEGIVEL_UPGRADE_REC_PROGRAMADA,Pré Pago - Recarga Programada,Cliente não possui a elegibilidade necessária para realizar o Upgrade de recarga programada
113022,PRE_REC_PROG_COM_UP_TROCA_RECARGA,Pré Pago - Recarga Programada,"Dentro do estado para clientes recarga programada, optou por falar sobre troca de recarga"
113023,PRE_REC_PROG_COM_UP_TROCA_CARTAO,Pré Pago - Recarga Programada,"Dentro do estado para clientes recarga programada, optou por falar sobre troca de cartão"
1130231,CLIENTE_NAO_ELEGIVEL_TROCA_CC_REC_PROG,Pré Pago - Recarga Programada,Cliente não possui a elegibilidade necessária para trocar o cartão de crédito da sua recarga programada
113024,PRE_REC_PROG_COM_UP_TROCA_CANCELAR,Pré Pago - Recarga Programada,"Dentro do estado para clientes recarga programada, optou falar sobre o cancelamento"
1131,PRE_SEM_CARGA_RECARGA_OU_PROMOCOES,Pré Pago - Sem Carga,Veio do Fluxo sem recarga ativa. Mostramos as opções de planos que o cliente pode optar por adiquirir.
113121,OUTROS_CODIGOS_PRE_OUTROS_PROBLEMAS,Pré Pago - Já possui a Recarga,Não foi possível identificar a necessidade do cliente e encaminhou para atendente informando código de protocolo
113135,APENAS_RECARGA_SMART,Pré Pago - Recarga Tradicional,Disponibiliza opção para recarregar Smarth 15 ou 30 dias
113136,APENAS_RECARGA_MASTER,Pré Pago - Recarga Tradicional,Disponibiliza opção para recarregar Master 15 ou 30 dias
113137,APENAS_RECARGA_ADVANCED,Pré Pago - Recarga Tradicional,Disponibiliza opção para recarregar advanced 30 dias
11321,TODAS_RECARGAS_SMART,Pré Pago - Recarga Tradicional,"Optou pela recarga Smart. Oferecemos 15, 30 dias e outras opções."
11322,TODAS_RECARGAS_MASTER,Pré Pago - Recarga Tradicional,"Optou pela recarga Master. Oferecemos 15, 30 dias e outras opções."
11323,TODAS_RECARGAS_ADVANCED,Pré Pago - Recarga Tradicional,Optou pela recarga advanced. Oferecemos 30 dias e outras opções.
11329,TODAS_RECARGAS_ATENDENTE,Pré Pago - Recarga Tradicional,Não conseguio identificar a interação com o cliente. Direcionamos para um atendente e informamos o numero de protocolo.
11332,PRE_PAGO_RECARGA_SMART_15_DIAS,Pré Pago - Recarga Tradicional,Estado em que o usuario confirma a aquisição do plano smarth 15 dias. Caso não confirme Tchau.
11333,PRE_PAGO_RECARGA_SMART_30_DIAS,Pré Pago - Recarga Tradicional,Estado em que o usuario confirma a aquisição do plano smarth 30 dias. Caso não confirme Tchau.
11334,PRE_PAGO_RECARGA_SMART_PRIMEIRA_VEZ_AQUI,Pré Pago - Recarga Tradicional,Cliente ouviu sobre smarth e quer ouvir outras recargas. Informamos sobre Master e Advanced
11336,PRE_PAGO_RECARGA_MASTER_15_DIAS,Pré Pago - Recarga Tradicional,Estado em que o usuario confirma a aquisição do plano master 15 dias. Caso não confirme Tchau.
11337,PRE_PAGO_RECARGA_MASTER_30_DIAS,Pré Pago - Recarga Tradicional,Estado em que o usuario confirma a aquisição do plano master 30 dias. Caso não confirme Tchau.
11338,PRE_PAGO_RECARGA_MASTER_PRIMEIRA_VEZ_AQUI,Pré Pago - Recarga Tradicional,Cliente ouviu sobre master e quer ouvir outras recargas. Informamos sobre smarth e Advanced
1134,PRE_PAGO_QUER_COMPRAR,Pré Pago - Quer Comprar,Indica que o cliente teve inteção de efetuar uma compra por telefone
11340,OUTRAS_RECARGAS_TEM_SMART,Pré Pago - Recarga Tradicional,Informar o Cliente Sobre o Plano Contratado com Possibilidade de Recarga
113401,PRE_PAGO_RECARGA_ADVANCED_30_DIAS,Pré Pago - Recarga Tradicional,Escolheu fazer a Recarga Programada Advanced
113402,PRE_PAGO_RECARGA_SMART_PROGRAMADA,Pré Pago - Recarga Tradicional,Escolheu fazer a Recarga Smart Programada
113403,PRE_PAGO_RECARGA_MASTER_PROGRAMADA,Pré Pago - Recarga Tradicional,Escolheu fazer a Recarga Master Programada 
11342,PRE_PAGO_RECARGA_ADVANCED_PRIMEIRA_VEZ_AQUI,Pré Pago - Recarga Tradicional,Cliente ouviu sobre advanced e quer ouvir outras recargas. Informamos sobre Smarth e Master
11344,OUTRAS_RECARGAS_TEM_SMART_MASTER,Pré Pago - Recarga Tradicional,Usuario tem Smart mas optou por recarga master. Disponibilizamos 15 e 30 dias.
11345,OUTRAS_RECARGAS_TEM_SMART_ADVANCED,Pré Pago - Recarga Tradicional,Usuario tem Smart mas optou por recarga advanced Disponibilizamos 30 dias.
11347,OUTRAS_RECARGAS_TEM_MASTER_SMART,Pré Pago - Recarga Tradicional,Usuario tem Master mas optou por recarga Smart. Disponibilizamos 15 e 30 dias.
11348,OUTRAS_RECARGAS_TEM_MASTER_ADVANCED,Pré Pago - Recarga Tradicional,Usuario tem Master mas optou por recarga advanced Disponibilizamos 30 dias.
11351,OUTRAS_RECARGAS_TEM_ADVANCED_SMART,Pré Pago - Recarga Tradicional,Usuario tem Advanced mas optou por recarga Smart. Disponibilizamos 15 e 30 dias.
11352,OUTRAS_RECARGAS_TEM_ADVANCED_MASTER,Pré Pago - Recarga Tradicional,Usuario tem Advanced mas optou por recarga Master Disponibilizamos 15 e 30 dias.
11354,CONFIRMA_RECARGA_CONFIRMA,Pré Pago - Confirma Recarga,Indica que o usuario confirmou a aquisição.
113541,CLIENTE_NAO_ELEGIVEL_COMPRA_REC_PROGRAMADA,Pré Pago - Recarga Programada,Cliente não possui a elegibilidade necessária para comprar a recarga programada
11382,ONDE_RECARREGAR_LOTERICA,Pré Pago - Informações,Informa que o usuario pode recarregar em qualquer lotérica mediante a um codigo de assinante informado pelo sistema.
11383,ONDE_RECARREGAR_BRADESCO,Pré Pago - Informações,Informa que correntista Bradesco pode recarregar pela internet e informa código de assinante.
11384,ONDE_RECARREGAR_OUTROS_PONTOS,Pré Pago - Informações,"Informa que a recarga pode ser feita em Mercados, farmacias, bancas que tenham o selo de recarga Sky e  informa código de assinante."
113841,ONDE_RECARREGAR_SITE,Pré Pago - Informações,Informa que cliente quer saber onde carregar pelo site
113842,ONDE_RECARREGAR_LOJA,Pré Pago - Informações,Informa que cliente quer saber sobre carregar por loja
11385,ONDE_RECARREGAR_ATENDENTE,Pré Pago - Representante,Não conseguio identificar a encessidade do cliente e direciona para atendente de recarga.
11386,ONDE_RECARREGAR_CARTAOCREDITO,Pré Pago - Assunto Financeiro,"No estado OndeRecarregar, opção escolhida para recarga com cartão de crédito."
11387,RECARGA_LOTERICA_CODIGO_DO_ASSINANTE,Pré Pago - Assunto Financeiro,Informa código do assinante que optou por lotérica.
11389,OUTROS_PONTOS_RECARGA_CODIGO_DO_ASSINANTE,Pré Pago - Assunto Financeiro,Informa código do assinante que optou por outros locais.
11392,RECARGA_BRADESCO_CODIGO_DO_ASSINANTE,Pré Pago - Assunto Financeiro,Informa código do assinante que é correntista Bradesco
1140,CONFIRMA_RECARGA,Pré Pago - Confirma Recarga,Informar o Cliente Sobre o Plano Contratado com Possibilidade de Recarga
115,PRE_PAGO_NAO_MAIS_COMERCIALIZADA,Pré Pago - Planos de Recarga,Veio do Fluxo sem recarga ativa. Oferecemos opções para compra de planos de recarga.
1150,AQUI_AGORA_OU_ONDE,Pré Pago - Assunto Financeiro,Oferece opção de pagamento com o cartão de crédito e informações de onde efetuar recarga
116,PRE_PAGO_ONDE_RECARREGAR,Pré Pago - Planos de Recarga,Cliente tem pré-pago mas não tem Carga. Oferecemos informações a respeito de locais ou canais para realisar a recarga.
1160,MENU_CC_PRE,Pré Pago - Assunto Financeiro,Para clientes que optaram por algum pacote de Recarga Programada e terão que escolher a bandeira do cartão que utilizará para efetuar o pagamento
118,PRE_PAGO_CANCELAMENTO,Pré Pago - Cancelamento,"Não reconhecimento.  Oferecemos repetição do protocolo posteriormente, no estado InformaProto. E antes de ir para o prompt de protocolo, concatenar com arquivo de pausa que dura 1 segundo."
120,SUBSTITUI_CADASTRO,Cadastro do Ani de Origem,Informa os últimos 4 dígitos do celular cadastro e pergunta se o cliente deseja substituir para o celular (ANI) da chamada.
121,SUBSTITUI_CADASTRO_CELULAR,Cadastro do Ani de Origem,Cliente que ligou de um celular e deseja atualizar o número do celular cadastrado para o de origem da chamada.
1211,FOX_PREMIUM,Compras - Fox/FoxSports,A URA da informações do canal Fox Premium ao usuário e questiona se ele quer compra-lo
12111,CONFIRMA_FOX_PREMIUM,Compras - Fox/FoxSports,A URA pede para o usuário confirmar a compra do canal  Fox Premium
121111,CONFIRMA_FOX_PREMIUM_CONFIRMOU,Compras - Fox/FoxSports,O usuário confirma a compra do canal  Fox Premium
1212,ESPN_EXTRA,Compras - Espn,A URA da informações do canal ESPN Extra ao usuário e questiona se ele quer compra-lo
12121,CONFIRMA_ESPN_EXTRA,Compras - Espn,A URA pede para o usuário confirmar a compra do canal  ESPN Extra
121211,CONFIRMA_ESPN_EXTRA_CONFIRMOU,Compras - Espn,O usuário confirma a compra do canal ESPN Extra
1213,DOG_TV,Compras - Dog TV,Cliente opta por compra do canal Dog Tv
12131,CONFIRMA_DOG_TV,Compras - Dog TV,Menu que pergunta ao cliente se deseja confirmar a compra do canal Dog Tv
121311,CONFIRMA_DOG_TV_CONFIRMOU,Compras - Dog TV,Cliente confirmou que deseja comprar o canal Dog Tv mesmo
1214,TELECINE_OU_HBO,Compras - Telecine ou HBO,Menu  para o cliente escolher se deseja pacote de filmes Telecine ou HBO
12141,TELECINE_HD,Compras - Telecine,Menu do pacote Telecine para clientes HD
12142,TELECINE_SD,Compras - Telecine,Menu do pacote Telecine para clientes SD
12143,CONFIRMA_TELECINE,Compras - Telecine,Questiona se o cliente deseja confirmar a compra de um pacote Telecine
12144,CONFIRMA_TELECINE_CONFIRMOU,Compras - Telecine,Cliente confirmou a compra de um pacote Telecine
12146,HBO_HD,Compras - HBO,Menu do pacote HBO para clientes HD
12147,HBO_SD,Compras - HBO,Menu do pacote HBO para clientes SD
12148,CONFIRMA_HBO,Compras - HBO,Questiona se o cliente deseja confirmar a compra de um pacote HBO
12149,CONFIRMA_HBO_CONFIRMOU,Compras - HBO,Cliente confirmou a compra de um pacote HBO
122,SUBSTITUI_CADASTRO_NAO_ALTERA,Cadastro do Ani de Origem,Cliente não quis alterar o número de celular cadastrado
13,CLIENTE_MULTI,Cliente Multi Contrato,Cliente informou que possui mais de um ponto (multi).
131,CLIENTE_MULTI_4MAIS,Cliente Multi Contrato,Cliente Multi informou que possui o plano 4 mais.
132,CLIENTE_MULTI_2CEP,Cliente Multi Contrato,Cliente Multi infomou que possui dois CEPs no cadastro.
133,CLIENTE_MULTI_3CEP,Cliente Multi Contrato,Cliente Multi infomou que possui três CEPs no cadastro.
134,CLIENTE_MULTI_MESMO_CEP,Cliente Multi Contrato,"Client Multi com CEPs iguais. No Atd. CRAP e VC é transferido, enquanto no SAC é aberto o menu principal"
14,CLIENTE_CANCELADO,Cliente Cancelado,Cliente cancelado  - é transferido para atendimento humano.
141,CLIENTE_CANCELADO_MAIS_180_DIAS,Cliente Cancelado,Clientes cancelados a mais de 180 dias ligam na URA e são informados para ligar em outro número
151,INADIMPLENTE_NEGOCIACAO,Cliente Identificado - Inadimplente,Cliente deseja negociar a dívida
1511,NEGOCIACAO_PAGOU,Cliente Identificado - Inadimplente,Cliente inadimplente informa que já pagou a fatura.
15111,PAGOU_LOTERICA,Cliente Identificado - Inadimplente,Cliente informa que pagou a fatura na Lotérica.
15112,PAGOU_BOLETO,Cliente Identificado - Inadimplente,Cliente inadimplente informa que pagou o boleto.
1512,NEGOCIACAO_VAI_PAGAR,Cliente Inadimplente - Vai Pagar,Cliente inadimplente infoma que vai pagar a fatura.
15121,NEGOCIACAO_PAGAMENTO_CCRED,Cliente Inadimplente - Vai Pagar,Cliente inadimplente infoma que vai pagar a fatura através de cartão de crédito.
151221,OFERECE_CODIGO_DE_BARRAS,Cliente Inadimplente - Vai Pagar,Oferece o código de barras
1512211,QUER_OUVIR_O_CODIGO_DE_BARRAS,Cliente Inadimplente - Promessa,Pediu para ouvir o código de barras
1512212,QUER_OUVIR_O_CODIGO_DE_BARRAS_PROMESSA_PAGAMENTO_PRAZO_UM_DIA,Cliente Inadimplente - Promessa,Optou por fazer uma promessa de pagamento em 1 dia e quer ouvir o código de barras
1512213,QUER_OUVIR_O_CODIGO_DE_BARRAS_PROMESSA_PAGAMENTO_PRAZO_TRES_DIAS,Cliente Inadimplente - Promessa,Optou por fazer uma promessa de pagamento em 3 dias e quer ouvir o código de barras
1512214,QUER_OUVIR_O_CODIGO_DE_BARRAS_PROMESSA_PAGAMENTO_PRAZO_CINCO_DIAS,Cliente Inadimplente - Promessa,Optou por fazer uma promessa de pagamento em 5 dias e quer ouvir o código de barras
15123,NEGOCIACAO_PROMESSA_PAGAMENTO ,Cliente Inadimplente - Promessa,Usuário optou por efetuar uma Promessa de Pagamento
151231,PROMESSA_PAGAMENTO_PRAZO_UM_DIA,Cliente Inadimplente - Promessa,Usado quando o usuário escolhe a opção de pagar em um prazo de 1 dia
151232,PROMESSA_PAGAMENTO_PRAZO_TRES_DIAS,Cliente Inadimplente - Promessa,Usado quando o usuário escolhe a opção de pagar em um prazo de 3 dias
151233,PROMESSA_PAGAMENTO_PRAZO_CINCO_DIAS,Cliente Inadimplente - Promessa,Usado quando o usuário escolhe a opção de pagar em um prazo de 5 dias
1521,1521 - NEGOCIACAO_NAO_PAGOU,Cliente Inadimplente - Não Pagou,Marca que o cliente ligou e informou que ainda nao pagou. Informamos as opçoes.
154,INADIMPLENTE_DISCORDA_FATURA,Cliente Identificado - Inadimplente,Cliente inadimplente discorda da fatura e quer falar com atendente a respeito.
155,NEGOCIACAO_RECENCIA,Cliente Inadimplente - Recência,Navegou pela verificação de recência na Ura Cobrança.
1550,NEGOCIACAO_RECENCIA_PAGAMENTOCC,Cliente Inadimplente - Recência,"Verificar se nas ultimas 24h, houve tentativa de pagamento de fatura com CC."
1551,NEGOCIACAO_RECENCIA_PAGOU_TCHAU,Cliente Inadimplente - Recência,Informar o cliente que é necessário aguardar 8h pois o sinal já foi enviado.
15511,NEGOCIACAO_RECENCIA_NAV_JAPAGOU,Cliente Inadimplente - Já Pagou,Verificar se nas últimas 24h o cliente navegou na opção já pagou.
15512,NEGOCIACAO_RECENCIA_ENVIO_DE_BOOSTER,Cliente Inadimplente - Recência,Verificar se nos últimos 15 minutos houve ligação de booster.
15513,NEGOCIACAO_LATENCIA_FAKE_BOOSTER_REC,Ciente Inadimplente - Problema Técnico,Ligou novamente para falar sobre problema técnico na Sky.
15516,PAGOU_QUANDO_LOTERICA_MAIS_3_DIAS,Cliente Inadimplente - Já Pagou,Cliente informa que já pagou na lotérica a mais de 3 dias.
15517,PAGOU_QUANDO_LOTERICA_MENOS_3_DIAS,Cliente Inadimplente - Já Pagou,Cliente informa que já pagou na lotérica a menos de 3 dias.
15518,PAGOU_QUANDO_ELSE_MAIS_3_DIAS,Cliente Inadimplente - Já Pagou,Cliente informa que pagou a mais de 3 dias mas não foi na lotérica.
15519,PAGOU_QUANDO_ELSE_MENOS_3_DIAS,Cliente Inadimplente - Já Pagou,Cliente informa que pagou a menos de 3 dias mas não foi na lotérica.
1552,NEGOCIACAO_PAGOU_MAIS_DE_3_DIAS,Cliente Inadimplente - Já Pagou,Cliente informa que já fez o pagamento da fatura em atraso a mais de 3 dias.
1553,NEGOCIACAO_RECENCIA_JA_PAGOU,Cliente Inadimplente - Já Pagou,"Cliente informa que já fez o pagamento da fatura em atraso, será informado que precisa aguardar a baixa em até 3 dias."
1554,NEGOCIACAO_RECENCIA_RELIGUE_OK,Cliente Inadimplente - Recência,Tratamento de recência de ligações de clientes que tiveram o sinal religado na ligação anterior e pagaram com cartão de crédito; Ou que escolheram a opção Já Pagou mas estavam Com sinal na 1ª ligação.
1555,NEGOCIACAO_CONTINUAR_PAGARCC,Cliente Inadimplente - Vai Pagar,"Ligou anteriormente e tentou pagar a conta com cartão de crédito, oferecer continuar com processo de pagamento."
1556,NEGOCIACAO_PROMESSA_OU_OUTROS,Cliente Inadimplente - Promessa,"Para cliente que veio da recência de falha ao pagar com cartão de crédito, mas não quis continuar o pagamento.."
1557,NEGOCIACAO_PROMESSA_OU_OUTROSDES,Cliente Inadimplente - Promessa,"Para cliente que veio da recência de falha ao pagar com cartão de crédito, mas não quis continuar o pagamento. Opção discordar da fatura DESATIVADA."
1558,NEGOCIACAO_RECENCIA_PAGOU_BL,Cliente Inadimplente - Recência,Cliente Banda Larga que informou que já fez o pagamento anteriormente.
1559,NEGOCIACAO_RECENCIA_RELIGUE,Cliente Inadimplente - Recência,"Verificar se nas ultimas 8h, houve envio de religue."
160,ALTERA_MOP,Assunto Financeiro - MOP,Pergunta ao cliente que deseja alterar o método de pagamento se é crédito ou Débito Automático
161,MOP_PARA_CC,Assunto Financeiro - MOP,Cliente deseja alterar o método de pagamento - Cartão de Crédito
1610,MOP_TRATAR_ELEGIBILIDADE_CC,Assunto Financeiro - MOP,Verifica elegibilidade para alteração de MOP para CC
1611,MOP_CONFIRMA_CPF,Assunto Financeiro - MOP,Checa CPF do Cliente antes de alterar MOP
1612,MOP_QUER_CC,Assunto Financeiro - MOP,Cliente optou por alterar MOP para CC
1613,MOP_QUER_CC_FALHOU,Assunto Financeiro - MOP,"Cliente optou por alterar MOP para CC, mas operação FALHOU"
162,MOP_PARA_DEB_AUTOMATICO,Assunto Financeiro - MOP,Cliente deseja alterar o método de pagamento - Débito Automático em conta
1620,MOP_QUER_DEB,Assunto Financeiro - MOP,Cliente optou por alterar MOP para DEB
1621,MOP_QUER_DEB_FALHOU,Assunto Financeiro - MOP,"Cliente optou por alterar MOP para DEB, mas operação FALHOU"
163,MOP_DEB_AUT_COM_BB,Assunto Financeiro - MOP,Menu para cliente alterar dado de pagamento que já possua cadastrado Deb. Automático no Banco BB
164,MOP_DEB_AUT_SEM_BB,Assunto Financeiro - MOP,Menu para cliente alterar dado de pagamento que não possua cadastrado Deb. Automático no Banco BB
165,MOP_DEB_AGENCIA,Assunto Financeiro - MOP,Pergunta ao cliente qual Agência quer cadastar para pagamento da fatura por Débito Automático
166,MOP_DEB_PEGA_DIGITO_AGENCIA,Assunto Financeiro - MOP,Pergunta ao cliente qual dígito da agência para pagamento da fatura por Débito Automático
167,MOP_DEB_CONTA,Assunto Financeiro - MOP,Pergunta ao cliente qual Conta quer cadastar para pagamento da fatura por Débito Automático
168,MOP_DEB_PEGA_DIGITO_CONTA,Assunto Financeiro - MOP,Pergunta ao cliente qual dígito da conta para pagamento da fatura por Débito Automático
169,ACOA_JA_VENCEU,Assunto Financeiro - MOP,Cliente que a fatura já venceu e deseja saber sobre outros assuntos
170,ACOA_JA_VENCEU_OUTROS_ASSUNTOS,Assunto Financeiro - MOP,Cliente que deseja saber ainda sobre outros assuntos dentro do menu ACOA
181,CLIENTE_FRAUDULENTO_RESTRICAO,Cliente Identificado - Fraudulento,Cliente com suspeita de fraude é transferido. (Mesma funcionalidade SP 18).
19,NAO_CLIENTE,Cenario Prospects,Cliente não foi identificado.
196,CENARIO_PROSPECTS_ATIVO,Cenario Prospects,Marca o cliente cujas condições atendiam o cenário de atendimento de prospects
197,CENARIO_PROSPECTS_DESATIVADO,Cenario Prospects,Marca o cliente cujas condições não atendiam o cenário de atendimento de prospects
198,CLIENTE_MARCADO_NO_MAILING_DESCONEXAO,Mailing,Cliente marcado no mailing de desconexão
2,COMPRAS,Compras - Outros Produtos,Menu principal de Compras.
200,CHUTE_BBB,Chute Produtos,Cliente ouviu o chute sobre o BBB.
2000,CHUTE_PROBLEMA_TECBL,Chute Pós Identificação,Chute de recência para problemas técnicos na banda larga
20060,CHUTE_REVISAO_FATURA,Chute Faturas,Cliente ouviu o chute sobre o seu pedido de revisão de fatura contestada.
200601,CHUTE_REVISAO_FATURA_FECHADO,Chute Faturas,Cliente aceitou o chute e possui seu pedido de revisão fechado.
2006010,CHUTE_REVISAO_FATURA_MENUPAG,Chute Faturas,Cliente optou por pagar a fatura contestada (revisão fechado).
200602,CHUTE_REVISAO_FATURA_ABERTO,Chute Faturas,Cliente aceitou o chute mas o pedido de revisão ainda encontra-se aberto (em análise).
2008,CHUTE_FIM_DEGUSTACAO_PFC,Chute Produtos,Campo TipoChute: Aceitou o chute de degustação do PFC
200809,CHUTE_TIER1_INFORMA_COD_ASSINANTESEMREP,Tier1 - Código Assinante,Cliente pediu para ouvir o código de assinante (sem opção de repetição)
205,CHUTE_LUTA,Chute Produtos,Cliente ouviu o chute sobre alguma luta.
211,TV_FUTEBOL,Compras - Futebol,Cliente acessou o menu de compras de Futebol.
2110,COMPRAS_ESPORTE,Compras - Esporte,Menu para o cliente escolher sobre Futebol ou ESPN Extra
2112,JOGOAVULSO,Compras - Futebol,Cliente selecionou a opção de compra de Jogo Avulso.
21122,JOGOAVULSO_MESMODIA,Compras - Futebol,Cliente escolheu a opção de compra de Jogo Avulso para o mesmo dia da ligação.
21123,JOGOAVULSO_UNICO,Compras - Futebol,Cliente escolheu a opção de compra de um único jogo.
2113,CAMPEONATO,Compras - Futebol,Cliente selecionou a opção de compra de Campeonatos.
21145,QUAL_PACOTE_FB_PREMIERE,Compras - Futebol,Oferece para o cliente os pacotes de futebol disponível.
212,TV_FILMES,Compras - Filmes,Cliente escolheu a opção de compra de filmes.
2121,FILMES_DESTAQUE,Compras - Filmes,Compra do filme em destaque.
2122,FILMES_MENU,Compras - Filmes,Compra do menu de filmes.
213,TV_EROTICOS,Compras - Canal Adulto,Cliente escolheu a opção de compra de conteúdo erótico.
2131,EROTICOS_FILME,Compras - Canal Adulto,Compra de filmes eróticos.
2132,EROTICOS_CANAL,Compras - Canal Adulto,Compra de canais eróticos.
2133,EROTICOS_COMBO,Compras - Canal Adulto,Compra do combo erótico.
2134,BLOQUEIO_PORNO,Compras - Canal Adulto,Informa sobre o bloqueio do canal e/ou confirma a compra.
2135,BLOQUEIO_PORNO_RPT,Compras - Canal Adulto,Informa sobre o bloqueio do canal e/ou confirma a compra. É a repetição do menu anterior.
214,TV_INTERNACIONAL,Compras - Canal Internacional,"Cliente escolheu a opção de compra de canais internacionais,"
215,TV_LUTAS,Compras - Lutas,Cliente escolheu a opção de compra de lutas.
2152,LUTAS_CANAL,Compras - Lutas,Compra do canal de luta.
216,TV_BBB,Compras - BBB,Cliente escolheu a compra de BBB.
22,COMPRAS_PLANOS,Compras - Outros Produtos,Cliente escolheu a opção de ouvir os planos existentes na SKY.
23,COMPRAS_HD,Compras - Pacote HD,Compra de planos HD.
230,CHUTE_PROGRAMA_EM_EXIBICAO,Compras Recentes,Estado de chute para cliente que comprou recentemente e o programa já está em exibição
2301,ACEITA_CHUTE_EXIBICAO_CINE_SKY,Compras Recentes,Cliente que comprou Cine SKY e aceitou o chute para falar sobre o programa comprado em exibição
2302,ACEITA_CHUTE_EXIBICAO_PROGRAMA,Compras Recentes,Cliente que comprou uma programação classificada pela URA e aceitou o chute para falar sobre o programa comprado em exibição
2303,ACEITA_CHUTE_EXIBICAO_PROGRAMA_GENERICO,Compras Recentes,Cliente que comprou uma programação e aceitou o chute para falar sobre o programa comprado em exibição
2304,EXIBICAO_PROGRAMA_CODIGO_NA_TELA,Compras Recentes,Cliente que o programa comprado está em exibição e está com código na tela
2305,CINE_SKY_PLAY_DESABILITADO,Compras Recentes,Cliente que comprou Cine SKY e está com Play Desabilitado
231,CHUTE_PROGRAMA_AGENDADO,Compras Recentes,Estado de chute para cliente que comprou recentemente e o programa está agendado
2311,ACEITA_CHUTE_AGENDADO_PROGRAMA,Compras Recentes,Cliente que comprou uma programação classificada pela URA e aceitou o chute para falar sobre o programa agendado
2312,ACEITA_CHUTE_AGENDADO_PROGRAMA_GENERICO,Compras Recentes,Cliente que comprou uma programação e aceitou o chute para falar sobre o programa comprado agendado
232,PLANOS_UPGRADE,Troca de Plano,Upgrade de plano.
233,PLANOS_DOWNGRADE,Troca de Plano,Downgrade de plano.
234,PLANOS_BANDA_LARGA,Banda Larga,Compra de planos - Banda Larga.
24,COMPRAS_ACOA,Compras - Acoa,Cliente escolheu a opção de compras - Outros Assuntos.
241,COMPRAS_ACOA_PONTOS,Compras - Pontos Adicionais,Cliente escolheu a opção de falar sobre assuntos relacionados a pontos de Decoder.
244,COMPRAS_ACOA_RECLAMACOES,Compras - Reclamações,Cliente escolheu a opção de fazer reclamações referente a alguma compra.
245,COMPRAS_ACOA_OUTRAS_COMPRAS,Compras - Outros Produtos,Cliente escolheu a opção de consulta de outras compras.
246,COMPRAS_ACOA_ASSUNTOS_SAC,Compras - Outros Assuntos,"Cliente escolheu a opção de falar de outros assuntos, relacionados a SAC no menu compras."
29240,PAGOU_OU_NAO_COM_FED,Cliente Inadimplente - Menu,Cliente inadimplente está navegando na URA Cobrança com opções federais (reclamação e cancelamento)
292401,PAGOU_OU_NAO_COM_FED_PAGOU,Cliente Inadimplente - Já Pagou,Cliente inadimplente informou que já pagou fatura
292402,PAGOU_OU_NAO_COM_FED_NAO_PAGOU,Cliente Inadimplente - Vai Pagar,Cliente inadimplente informou que vai pagar
292403,PAGOU_OU_NAO_COM_FED_RECLAMACAO,Cliente Inadimplente - Reclamação,Cliente inadimplente deseja fazer uma reclamação
292404,PAGOU_OU_NAO_COM_FED_CANCELAMENTO,Cliente Inadimplente - Cancelamento,Cliente inadimplente deseja cancelar o serviço
300,MENU_TEC_PRE,Problema Técnico - Assunto Técnico,Abrir o Menu de assuntos técnicos para clientes Livre
32,PRE_PAGO_PROBLEMAS_TECNICOS,Problema Técnico - Pré Pago,Cliente escolheu a opção de Problemas Técnicos no SKY Pré Pago
3201,PRE_PROBLEMAS_TECNICOS_RECENTE_CHUTE_RECARGA,Chute Assunto Técnico,"Cliente pré pago recebe um chute questionando se ele quer falar sobre o problema com a sua recarga, pois esse foi o motivo da sua última ligação"
321,PRE_PROBLEMAS_TECNICOS_COD4,Problema Técnico - Código 4 ou 6,Cliente informou que o problema é de Código 4.
3221,PRE_CTLREMOTO_FUNC,Problema Técnico - Controle Remoto,Desativado.
32300,PROBLEMA_COM_A_RECARGA,Pré Pago - Problema Recarga,Está com algum problema na recarga
323001,PROBLEMA_COM_A_RECARGA_RECARREGOU_HOJE,Pré Pago - Problema Recarga,Está com algum problema na recarga. Fez a recarga hoje
323002,PROBLEMA_COM_A_RECARGA_RECARREGOU_ONTEM,Pré Pago - Problema Recarga,Está com algum problema na recarga. Fez a recarga ontem
323003,PROBLEMA_COM_A_RECARGA_RECARREGOU_A_MAIS_DE_2_DIAS,Pré Pago - Problema Recarga,Está com algum problema na recarga. Fez a recarga a mais de dois dias
323004,PROBLEMA_COM_A_RECARGA_NAO_CONSEGUIU_RECARREGAR,Pré Pago - Problema Recarga,Está com algum problema na recarga. Não conseguiu efetuar a recarga
323005,OUTRO_TIPO_DE_PROBLEMA_COM_A_RECARGA,Pré Pago - Problema Recarga,Está com outro tipo de problema na recarga. Não optou por nenhuma das opções acima
32301,PRE_CODIGO_OU_MENSAGEM_DE_ERRO_NA_TELA,Problema Técnico - Outras Mensagens ou Códigos,Cliente pré-pago e está com um código ou mensagem na tela da TV
32302,PRE_AUSENCIA_DE_SINAL,Problema Técnico - Problema de Sinal,Cliente pré-pago e está com uma mensagem na tela de: Ausência de sinal
323021,PRE_AUSENCIA_DE_SINAL_RECENCIA,Problema Técnico - Problema de Sinal,Cliente pré pago entra no tratamento de recência de ausência de sinal
32303,PRE_OUTRO_TIPO_DE_MENSAGEM_OU_CODIGO,Problema Técnico - Outras Mensagens ou Códigos,Cliente pré-pago e está com outro tipo de mensagem na tela da TV
323031,PROBLEMA_TECNICO_CODIGO_6,Problema Técnico - Código 4 ou 6,Está com uma mensagem de código 6 na tela
323033,PROBLEMA_DE_RECARGA_COM_ALGUMA_MSG_DE_ERRO,Problema Técnico - Outras Mensagens ou Códigos,Está com algum problema na recarga e com uma mensagem de erro na tela
323034,OUTRO_TIPO_DE_MENSAGEM_OU_CODIGO_NENHUMA_DAS_OPCOES_OFERECIDAS,Problema Técnico - Outras Mensagens ou Códigos,Informou que está com outro tipo de mensagem na tela além dos que a URA já informou
323035,PROBLEMA_TECNICO_CODIGO_1_OU_2,Problema Técnico - Código 1 ou 2,A TV do cliente está mostrando uma mensagem com código 1 ou 2
323036,PROBLEMA_TECNICO_CODIGO_14,Problema Técnico - Código 14,A TV do cliente está mostrando uma mensagem com código 14
324,PRE_PROBLEMAS_TECNICOS_ACOA,Problema Técnico - ACOA,Cliente solicitou falar de outros problemas no SKY Pré Pago.
3241,PRE_PROBLEMAS_TECNICOS_SENHA,Problema Técnico - Informa Senha,Cliente digita senha do cadastro.
325,PRE_PROB_TECNICOS_MENU_TRADICIONAL,Pré Pago - Problema Técnicos,Menu principal de problemas técnicos para cliente Pré-pago recarga tradicional
3251,PRE_PROB_TECNICOS_COD_OU_OUTROS,Pré Pago - Problema Técnicos,"Cliente pré-pago que informou que está com código na tela, ausência de sinal ou outros"
3252,PRE_PROB_TECNICOS_RECARGA_TRADICIONAL,Pré Pago - Problema Técnicos,Cliente pré-pago tradicional informou que está com problema na recarga
3253,PRE_PROB_TECNICOS_VT_NAOPOSSUI,Pré Pago - Problema Técnicos,Cliente pré-pago que quer falar sobre VT e não possui VT aberta
3255,PRE_PROB_TECNICOS_VT_AGENDADA_COM_PERIODO,Pré Pago - Problema Técnicos,Cliente pré-pago que quer falar sobre VT e possui VT aberta com período
3256,SENHA_OU_OUTROS_PRE,Pré Pago - Problema Técnicos,Cliente pré-pago que quer falar sobre problema técnico com senha ou outros
3257,PRE_PROB_TEC_REC_TRADICIONAL_CARREGOU_MENOS_DE_DOIS_DIAS,Pré Pago - Problema Técnicos,Cliente pré-pago tradicional informou que está com problema na recarga feita a menos de 2 dias
3258,PRE_PROB_TECNICOS_VT_MUDANCA_ENDERECO,Pré Pago - Problema Técnicos,Cliente pré-pago com problemas técnicos que opta por VT mudança de endereço
3259,PRE_PROB_TECNICOS_VT_NAOPOSSUI_ESTA_AGENDADA,Pré Pago - Problema Técnicos,"Cliente pré-pago que não possui VT aberta, mas opta por VT agendada"
326,PRE_PROB_TECNICOS_MENU_PROGRAMADA,Pré Pago - Problema Técnicos,Menu principal de problemas técnicos para cliente Pré-pago recarga programada
3261,PRE_PROB_TECNICOS_RECARGA_PROGRAMADA,Pré Pago - Problema Técnicos,Cliente pré-pago programada informou que está com problema na recarga
3262,PROBLEMAS_TECNICOS_SENHA_PRE,Pré Pago - Problema Técnicos,Cliente pré-pago que opta por problemas técnicos com a senha
3263,PROBLEMAS_TECNICOS_ACOA_PRE,Pré Pago - Problema Técnicos,Cliente pré-pago que opta por problemas técnicos com outros assuntos
3264,PRE_PROB_TEC_REC_PROGRAMADA_CARREGOU_MENOS_DE_DOIS_DIAS,Pré Pago - Problema Técnicos,Cliente pré-pago programada informou que está com problema na recarga feita a menos de 2 dias
3265,PRE_PROB_TECNICOS_MAIS_CODIGOS,Pré Pago - Problema Técnicos,Cliente Pré está com problemas de código na tela e não conseguiu digitar o código que é apresentado na TV
395,CHUTE_AUSENCIA_SINAL_PRE_PAGO,Problema Técnico - Problema de Sinal,Chute de recencia de ausência de sinal da URA pré pago
396,CHUTE_PROBLEMAS_IMAGEM_PRE_PAGO,Chute Assunto Técnico,Chute de recencia de problemas com a imagem da URA pré pago
397,CHUTE_BOOSTER_PRE_PAGO,Chute Booster,Chute de Recência do comando booster para usuários pre pagos
3971,EQUIP_ON_OFF_PRE_PAGO,Problema Técnico - Comando Booster,A URA pergunta se os equipamentos SKY estavam na tomada na ligação que o comando booster foi enviado
39711,EQUIP_ON_OFF_PRE_PAGO_EQUIPAMENTOS_LIG,Problema Técnico - Comando Booster,O usuário informa que os equipamentos SKY estavam na tomada na ligação que o comando booster foi enviado
398,CHUTE_LIVRE_EMERGENCIAL,Pré Pago - Chute,Pergunta ao cliente se deseja saber mais sobre a saída de canais
3980,SUBMENU_EMERGENCIAL_LIVRE,Pré Pago - Chute,Informa detalhes ao cliente para manter canais abertos
3981,SUBMENU_EMERGENCIAL_LIVRE_RECARGA,Pré Pago - Chute,"Cliente deseja efetuar a recarga que garante os canais abertos (globo, SBT e etc)"
3982,SUBMENU_EMERGENCIAL_LIVRE_SAIDA_CANAIS,Pré Pago - Chute,Cliente deseja falar sobre a saída dos canais
4,MENU_PRINCIPAL,Menu Principal,Menu Principal.
40,REP_PRINCIPAL,Menu Principal - Representante,Opção de falar com o representante.
400001,REP_PRINCIPAL_NOVO_PROBLEMA_TECNICO,Problema Técnico - Assunto Técnico,Cliente deseja falar com atendente sobre a visita de um técnico ou mudança de endereço.
400002,REP_PRINCIPAL_NOVO_APARELHO_OU_SINAL,Problema Técnico - Código 4 ou 6,"Cliente deseja falar com atendente sobre um problema com o aparelho SKY, ausência de sinal ou código 4, 6, 13 ou qualquer outra mensagem de erro."
400004,REP_PRINCIPAL_NOVO_FATURA,Assunto Financeiro - Faturas,Cliente deseja falar com atendente sobre valor cobrado em sua fatura.
400005,REP_PRINCIPAL_NOVO_COMPRAS,Compras - Outros Assuntos,"Cliente deseja falar com atendente sobre compras, tipo futebol, filme, lutas, etc."
400007,REP_PRINCIPAL_NOVO_ACOA,Menu Principal - Representante,Cliente deseja falar com atendente sobre qualquer outro assunto.
401,MENU_PRINCIPAL_CONTRATO_OCULTO,Contrato Oculto,Clientes que não puderam ser identificados por alguma falha no UTS.
4010,REP_PRINCIPAL_CONTRATO_OCULTO,Contrato Oculto,Opção de falar com o representante para clientes com Contrato Oculto.
40101,REP_PRINCIPAL_CONTRATO_OCULTO_PROBLEMA_TECNICO,Contrato Oculto,Cliente quer falar com um atendente sobre problemas tecnicos
40102,REP_PRINCIPAL_CONTRATO_OCULTO_APARELHO_OU_SINAL,Contrato Oculto,Cliente quer falar com um atendente sobre aparelho ou sinal
40103,REP_PRINCIPAL_CONTRATO_OCULTO_FATURA,Contrato Oculto,Cliente quer falar com um atendente sobre fatura
40104,REP_PRINCIPAL_CONTRATO_OCULTO_COMPRAS,Contrato Oculto,Cliente quer falar com um atendente sobre compras
40105,REP_PRINCIPAL_CONTRATO_OCULTO_OUTRO_ASSUNTO,Contrato Oculto,Cliente quer falar com um antendente sobre outros assuntos
4011,FATURAS_PAGAMENTOS_CONTRATO_OCULTO,Contrato Oculto,Menu Faturas e Pagamentos para clientes com Contrato Oculto.
40111,FINANCEIRO_CONTRATO_OCULTO_LOTERICA_OU_BANCO,Contrato Oculto,Cliente não identificado deseja falar sobre loterica ou banco
401111,MENU_TRATATIVA_NAO_INTERACAO,Não Interação,Cliente não interagiu no menu principal mas quer falar com atendente
40112,FINANCEIRO_CONTRATO_OCULTO_INTERNET,Contrato Oculto,Cliente não identificado deseja falar sobre internet
40113,FINANCEIRO_CONTRATO_OCULTO_CARTAO,Contrato Oculto,Cliente não identificado deseja falar sobre cartão de crédito
40114,FINANCEIRO_CONTRATO_OCULTO_SEGUNDA_VIA,Contrato Oculto,Cliente não identificado deseja falar sobre segunda via de fatura
40115,FINANCEIRO_CONTRATO_OCULTO_PAGOU ,Contrato Oculto,Cliente não identificado deseja comunicar pagamento já feito
401151,PAGOU_CONTRATO_OCULTO_HOJE_OU_MAIS_TEMPO,Contrato Oculto,Cliente não identificado deseja comunicar pagamento já feito hoje ou há mais tempo
4011511,PAGOU_CONTRATO_OCULTO_HOJE_OU_ONTEM,Contrato Oculto,Cliente não identificado deseja comunicar pagamento já feito hoje ou ontem
401152,PAGOU_CONTRATO_OCULTO_RECARGA ,Contrato Oculto,Cliente não identificado deseja falar sobre recarga
40116,FINANCEIRO_CONTRATO_OCULTO_ALTERACAO_VENCIMENTO ,Contrato Oculto,Cliente não identificado deseja falar sobre alteração de vencimento
40117,FINANCEIRO_CONTRATO_OCULTO_OUTROS ,Contrato Oculto,Cliente não identificado deseja falar sobre outros
4012,PROBLEMAS_TECNICOS_CONTRATO_OCULTO,Contrato Oculto,Menu Problemas Técnicos para clientes consultadoscom Contrato Oculto.
40121,TECNICO_CONTRATO_OCULTO_MENSAGEM_OU_CODIGO ,Contrato Oculto,Cliente não identificado deseja falar sobre mensagem ou código na tela
401211,MENSAGEM_CONTRATO_OCULTO_AUSENCIA_SINAL,Contrato Oculto,Cliente não identificado deseja falar sobre ausência de sinal
401212,MENSAGEM_CONTRATO_OCULTO_TELA_AZUL ,Contrato Oculto,Cliente não identificado deseja falar sobre tela azul
401213,MENSAGEM_CONTRATO_OCULTO_CODIGO_UM_E_DOIS ,Contrato Oculto,Cliente não identificado deseja falar sobre código um e dois
401214,MENSAGEM_CONTRATO_OCULTO_CODIGO_QUATORZE,Contrato Oculto,Cliente não identificado deseja falar sobre código catorze
40122,TECNICO_CONTRATO_OCULTO_CONTROLE_REMOTO ,Contrato Oculto,Cliente não identificado deseja falar sobre controle remoto
401221,CONTROLE_CONTRATO_OCULTO_INTEIRO,Contrato Oculto,Controle remoto ainda está fisicamente inteiro
4012211,FUNCIONOU_CONTROLE_CONTRATO_OCULTO,Contrato Oculto,Dica sobre controle remoto funcionou
4012212,NAO_FUNCIONOU_CONTROLE_CONTRATO_OCULTO ,Contrato Oculto,Dica sobre controle remoto não funcionou
401222,CONTROLE_CONTRATO_OCULTO_QUEBRADO,Contrato Oculto,Controle remoto está fisicamente quebrado
40123,TECNICO_CONTRATO_OCULTO_SENHA,Contrato Oculto,Cliente não identificado deseja falar sobre senha
4013,COMPRAS_PRINCIPAL_CONTRATO_OCULTO,Contrato Oculto,"Chamadas com erro de WS, onde a URA não transfere a chamada para o atendimento humano e abre o menu principal de acordo com o MPL Grupo do cliente."
4018,RECLAMACOES_CONTRATO_OCULTO,Contrato Oculto,Menu Reclamações para clientes com Contrato Oculto.
40181,RECLAMACOES_CONTRATO_OCULTO_PROBLEMA_TECNICO,Contrato Oculto,Cliente quer fazer uma reclamação sobre problemas tecnicos
40182,RECLAMACOES_CONTRATO_OCULTO_APARELHO_OU_SINAL,Contrato Oculto,Cliente quer fazer uma reclamação sobre aparelho ou falta de sinal
40183,RECLAMACOES_CONTRATO_OCULTO_FATURA,Contrato Oculto,Cliente quer fazer uma reclamação sobre fatura
40184,RECLAMACOES_CONTRATO_OCULTO_OUTRO_ASSUNTO,Contrato Oculto,Cliente quer fazer uma reclamação sobre outros assuntos
4019,CANCELAMENTO_CONTRATO_OCULTO,Contrato Oculto,Menu Cancelamento para clientes com Contrato Oculto.
4020,CHUTE_CONTRATO_OCULTO_EMERGENCIAL,Chute - Contrato Oculto,Chute antes do Menu Principal contrato oculto
40200,SUBMENU_CONTRATO_OCULTO_EMERGENCIAL,Chute - Contrato Oculto,Cliente aceitou o chute Contrato oculto
40201,SUBMENU_CONTRATO_OCULTO_EMERGENCIAL_RECARGA,Chute - Contrato Oculto,Cliente deseja saber mais sobre o chute contrato oculto e selecionou recarga
40202,SUBMENU_CONTRATO_OCULTO_EMERGENCIAL_SAIDA,Chute - Contrato Oculto,Cliente deseja saber mais sobre o chute contrato oculto e quer falar com o ATH
41,FATURAS_PAGAMENTOS,Assunto Financeiro - Faturas,Cliente selecionou a opção de pagamento de faturas.
411,FATURAS_PAGAMENTOS_DUVIDAS,Assunto Financeiro - Faturas,Dúvidas sobre o pagamento de faturas.
4111,SEGUNDA_VIA_FATURA,Assunto Financeiro - Faturas,Oferecer opções de segunda via da fatura
41132,CONTESTAR_VALOR_DA_FATURA,Assunto Financeiro - Faturas,Quer constestar o valor da fatura
4114,INFORMACOES_SOBRE_FATURA,Assunto Financeiro - Faturas,Quer infomações sobre a fatura
41141,INFORMACOES_SOBRE_FATURA_JA_VENCEU,Assunto Financeiro - Faturas,A fatura já venceu e o cliente quer entender a fatura
4115,PAGAR_FATURA_NA_LOTERICA,Assunto Financeiro - Faturas,Quer pagar a fatura na loterica
4116,ALTERAR_FATURA,Assunto Financeiro - Faturas,Quer fazer uma alteração na fatura
41161,ALTERAR_DATA_DE_VENCIMENTO_DA_FATURA,Assunto Financeiro - Faturas,Quer alterar a data de vencimento da fatura
411611,PEGA_NOVA_DATA_DE_VENCIMENTO_DA_FATURA,Assunto Financeiro - Faturas,Solicita o novo dia de vencimento da fatura
4116111,CONFIRMA_NOVA_DATA_DE_VENCIMENTO_DA_FATURA,Assunto Financeiro - Faturas,Solicita os três primeiros dígitos do CPF para concluir a troca do dia de vencimento da fatura
41161111,NOVA_DATA_DE_VENCIMENTO_DA_FATURA_CONFIRMADA,Assunto Financeiro - Faturas,Confirmou o três primeiros dígitos do CPF. O próximo passo é consumir o serviço para troca da data de vencimento
41162,ALTERAR_FORMA_DE_PAGAMENTO_DA_FATURA,Assunto Financeiro - Faturas,Quer alterar a forma de pagamento da fatura
41163,ALTERAR_ENDERECO_DE_COBRANCA_DA_FATURA,Assunto Financeiro - Faturas,Quer alterar o endereço de cobrança da fatura
4117,SEGUNDA_VIA_DA_FATURA,Assunto Financeiro - Faturas,Quer a segunda via da fatura
4118,ACOA_SUB_MENU_FINANCEIRO,Assunto Financeiro - Faturas,Solicitou outros assuntos no menu financeiro
41180,ACOA_CONTESTAR_VALOR_DA_FATURA,Assunto Financeiro - Faturas,Solicitou outros assuntos no menu financeiro e escolheu contestar o valor da fatura
41181,ACOA_FATURA_OUTROS_ASSUNTOS,Assunto Financeiro - Faturas,Solicitou outros assuntos no menu financeiro e deseja de fato falar sobre outros assuntos  que não contestação
413,FATURAS_PAGAMENTOS_FORMAS,Assunto Financeiro - Faturas,Consulta das formas de pagamento da fatura.
4131,PAGAMENTOS_FORMAS_CODIGOBARRA,Assunto Financeiro - Código de Barra,Pagamento de fatura através do código de barra.
4132,PAGAMENTOS_FORMAS_CCRED,Assunto Financeiros - Outro Meio de Pagamento,Pagamento de fatura através do cartão de crédito.
416,FATURA_PAGAMENTO_MENSAGEM_OSD,Assunto Financeiro - Outros,Vocalização de Mensagem OSD no pagamento da fatura
41701,FATURA_OUTRAS_FORMAS_PG,Assunto Financeiros - Outro Meio de Pagamento,Cliente quer saber outras formas de pagar sua fatura sem ser cartão de crédito
417011,FATURA_OUTRAS_FORMAS_PG_ATENDENTE,Menu Principal - Representante,Saída para atendimento Humano no submenu outras formas de pagamento
41702,FATURA_PG_LOTERICA_OU_BANCO,Assunto Financeiro - Outros,Cliente quer saber como fazer pagamento via lotérica ou banco
41703,FATURA_INFO_COD_ASS,Assunto Financeiro - Outros,Informa o código do assinante
41704,FATURA_PG_INTERNET,Fatura pela Internet,Informa como efetuar o pagamento da fatura através da Internet
41705,FATURA_INFO_CADASTRO_SKY,Assunto Financeiro - Outros,Informa como efetuar o cadastro no site da Sky para efetuar o pagamento da fatura
42,PROBLEMAS_TECNICOS,Problema Técnico - Opção Problemas Técnicos,Cliente selecionou a opção de problemas técnicos.
420201,CHUTE_BOOSTER,Chute Booster,Chute oferecendo a opção pra falar sobre mensagem de codigo na tela
4202011,EQUIP_ON_OFF,Problema Técnico - Assunto Técnico,Estado verifica se os equipamentos SKY estavam na tomada na primeira vez que houve a ligação
420202,CHUTE_IMAGEM,Problema Técnico - Assunto Técnico,Encaminha a ligação caso seja para falar sobre o problema na imagem
420203,CHUTE_CONTROLE,Problema Técnico - Controle Remoto,Chute problemas com controle remoto com opção de transferencia
420204,CHUTE_OTHERS,Chute Assunto Técnico,Chute verifica se está com o mesmo problema técnico com opção de tranferencia
420205,CHUTE_SEM_SINAL,Chute - Sem Sinal,"Cliente em rechamada com problema de ausência de sinal, escuta chute."
42021,CODIGO_OU_OUTROS,Problema Técnico - Outras Mensagens ou Códigos,A URA Questiona o usuário sobre o que está aparecendo na sua tela
420211,SENHA_OU_OUTROS,Problema Técnico - Outras Mensagens ou Códigos,A URA questiona o usuário se quer falar sobre problemas com a senha ou outros assuntos técnicos
4202110,CODIGO_VALIDO_COD_55,Problema Técnico - Outras Mensagens ou Códigos,Tratativa do código 55. Informamos para o cliente que existe uma URA com atendimento exclusivo para tratar esse problema.
4202111,CODIGO_VALIDO_BOOSTER,Chute Booster,A URA vocaliza o código digitado pelo usuário e faz a tratativa Booster
4202112,CODIGO_VALIDO_SMARTCARD,Problema Técnico - Outras Mensagens ou Códigos,A URA vocaliza o código digitado pelo usuário e faz a tratativa de SmartCard
4202113,CODIGO_VALIDO_RESET,Problema Técnico - Outras Mensagens ou Códigos,A URA vocaliza o código digitado pelo usuário e faz a tratativa de Reset
4202114,CODIGO_VALIDO_PPV,Problema Técnico - Outras Mensagens ou Códigos,A URA vocaliza o código digitado pelo usuário e faz a tratativa de PPV Indisponível
4202115,CODIGO_VALIDO_CINE_SKY,Problema Técnico - Outras Mensagens ou Códigos,A URA vocaliza o código digitado pelo usuário e faz a tratativa de Problema Cine SKY
4202116,CODIGO_VALIDO_GRAVACAO,Problema Técnico - Outras Mensagens ou Códigos,A URA vocaliza o código digitado pelo usuário e faz a tratativa de Problema Gravação
4202117,CODIGO_VALIDO_CTRL_PAIS,Problema Técnico - Outras Mensagens ou Códigos,A URA vocaliza o código digitado pelo usuário e faz a tratativa de Controle dos Pais
4202118,CODIGO_VALIDO_SEM_TRATATIVA,Problema Técnico - Outras Mensagens ou Códigos,A URA vocaliza o código digitado pelo usuário e como não há tratativa específica da a Dica Reset
4202119,OUTROS_CODIGOS,Problema Técnico - Outras Mensagens ou Códigos,Menu com opções de códigos técnicos mais frequentes (o usuário não conseguiu digitar o código)
42021191,OUTROS_CODIGOS_COD_4OU6,Problema Técnico - Código 4 ou 6,O usuário escolhe a opção de código 4 ou 6
42021192,OUTROS_CODIGOS_COD_1OU2,Problema Técnico - Código 1 ou 2,O usuário escolhe a opção de código 1 ou 2
42021193,OUTROS_CODIGOS_COD_7OU109,Problema Técnico - Código 7 ou 109,O usuário escolhe a opção de código 7 ou 109
42021194,OUTROS_CODIGOS_OPCAO_OUTRO_COD,Problema Técnico - Outras Mensagens ou Códigos,O usuário escolhe a opção Outro Código
420212,PROCEDIMENTOS_IMAGEM_COM_REPETICAO,Problema Técnico - Imagem,A URA informa procedimentos para resolver problemas de imagem com opção de repetição 
420213,CONFIRMA_CPF_RESET_SENHA,Problema Técnico - Reset Senha,Cliente identificado ANISim que seleciona reset de senha é pedida a confirmação do CPF
4202131,RESET_SENHA,Problema Técnico - Reset Senha,"Já na opção para dar o reset de senha, a URA solicita a confirmação para realizar a alteração"
4202132,RESET_SENHA_CONFIRMADO,Problema Técnico - Reset Senha,O usuário escolhe realizar a alteração da senha
420214,PROCEDIMENTOS_IMAGEM_OU_CODIGOS,Problema Técnico - Imagem,Cliente informa que está com problema de imagem no menu de códigos na tela ou Imagem
420215,DIGITA_CODIGO,Problema Técnico - Imagem,Menu para cliente que informou que está com problema de imagem e depois com código na tela
420216,PROCEDIMENTOS_IMAGEM_AUSENCIA_SINAL,Problema Técnico - Imagem,Cliente que está com problema técnica e confirma que é problema de ausência de sinal
420217,AGENDA_ABERTURA_OS,Visita Tecnica - Agendar,"Cliente confirma endereço, consultamos a agenda disponível para marcar visita técnica"
420218,CONFIRMA_ENDERECO_OS,Visita Técnica - Outros,URA questiona se o cliente confirma o endereço do CEP carregado
420219,ENDERECO_DIFERENTE_OS,Visita Técnica - Outros,Cliente informa que não é sobre o CEP carregado
420220,CONFIRMA_HORA_OS,Visita Técnica - Confirmar,URA pergunta se cliente quer confirmar o horário escolhido
420221,CADASTRO_CELULAR_OS,Visita Técnica - Outros,URA pergunta se cliente quer cadastrar número de celular
420222,CADASTRO_CELULAR_OS_NEGOU,Visita Técnica - Outros,Cliente optou por não cadastar número de celular
420223,ENDERECO_CONFERE_OS,Visita Técnica - Outros,Cliente confirma CEP do endereço
420234,AGENDA_QUATRO_HORARIOS,Visita Tecnica - Agendar,Menu de agenda de abertura de OS com 4 horários disponíveis
420235,VOCALIZA_OS_CRIADA,Visita Técnica - Outros,É informado ao cliente abertura de OS pela URA com sucesso e passado número de OS
420236,QUANTOS_CANAIS_SEM_SINAL,Problema Técnico - Problema de Sinal,Pergunta ao cliente se está sem sinal em todos ou em alguns canais
420237,SEM_SINAL_TODOS_CANAIS,Problema Técnico - Problema de Sinal,Cliente informa que está sem sinal em todos os canais
420238,SEM_SINAL_ALGUNS_CANAIS,Problema Técnico - Problema de Sinal,Cliente informa que está sem sinal em alguns canais
421,PROBLEMAS_TECNICOS_COD4,Problema Técnico - Código 4 ou 6,Cliente informou que está com problemas de código 4.
422,PROBLEMAS_TECNICOS_CTLREMOTO,Problema Técnico - Controle Remoto,Cliente informou que está com problemas no controle remoto.
422101,CTLREMOTO_NAO_ESTA_QUEBRADO,Problema Técnico - Controle Remoto,Cliente informou que o Controle Remoto não está quebrado
4221011,CTLREMOTO_O_PROCEDIMENTO_INFORMADO_FUNCIONOU,Problema Técnico - Controle Remoto,Cliente informou que o procedimento indicado teve sucesso.
4221012,CTLREMOTO_O_PROCEDIMENTO_INFORMADO_NAO_FUNCIONOU,Problema Técnico - Controle Remoto,Cliente informou que o procedimento indicado não teve sucesso.
422102,CTLREMOTO_ESTA_QUEBRADO,Problema Técnico - Controle Remoto,Cliente informou que o Controle Remoto está quebrado
42211,CTLREMOTO_FUNC_SKY,Problema Técnico - Controle Remoto,Cliente informa que controle não funciona com equipamento SKY.
42212,CTLREMOTO_FUNC_TV,Problema Técnico - Controle Remoto,Cliente informa que controle não funciona com a TV.
42220,CONTROLE_REMOTO_HD,Problema Técnico - Controle Remoto,Trata problemas no controle remoto HD cliente Pós Pago
42221,QUAL_CONTROLE,Problema Técnico - Controle Remoto,Cliente Pós Pago Verifica se o controle é HD ou SD
42222,CONTROLE_REMOTO_SD,Problema Técnico - Controle Remoto,Trata problemas no controle remoto SD cliente Pos Pago
42223,CONTROLE_PAROU_DE_FUNCIONAR,Problema Técnico - Controle Remoto,Controle Remoto Parou de Funcionar
42224,CONTROLE_PERDEU_OU_QUEBRADO,Problema Técnico - Controle Remoto,Perdeu o controle remoto ou está quebrado
42225,NAO_RECEBEU_CONTROLE,Problema Técnico - Controle Remoto,Não recebeu o Controle Remoto
42226,NAO_E_PRIMEIRA_LIGACAO_CONTROLE_HD,Problema Técnico - Controle Remoto,Já ligou para falar sobre o Controle Remoto HD dentro do período de 24 hrs
42227,ESCOLHEU_CONTROLE_HD,Problema Técnico - Controle Remoto,Escolheu controle HD
42228,ESCOLHEU_CONTROLE_SD,Problema Técnico - Controle Remoto,Escolheu controle SD
42303,AUSENCIA_DE_SINAL,Problema Técnico - Problema de Sinal,Cliente informa que está com uma mensagem na tela de: Ausência de sinal
425,PROBLEMAS_TECNICOS_VISITA_TECNICA,Visita Técnica - Outros,Cliente solicitou visita técnica.
42511,VISITA_TECNICA_OUTROS_ASSUNTOS,Visita Técnica - Outros,Cliente com VT aberta que opta pelo menu ACOA
42512,VISITA_TECNICA_OUTROS_ASSUNTOS_MUDANCA,Visita Técnica - Outros,Cliente que optou pelo menu ACOA da visita Técnica e escolheu mudança de endereço
42513,VISITA_TECNICA_OUTROS_ASSUNTOS_EQUIPAMENTO,Visita Técnica - Outros,Cliente que optou pelo menu ACOA da visita Técnica e escolheu problema no equipamento
42514,VISITA_TECNICA_OUTROS_ASSUNTOS_ACOA,Visita Técnica - Outros,Cliente que optou pelo menu ACOA da visita Técnica a escolheu Outros assuntos mesmo
42515,MENU_VISITA_TECNICA_SEM_OS,Visita Técnica - Outros,Cliente que navegou no menu técnico selecionou opção Visita Técnica e NÃO possui VT Aberta
42516,MENU_VISITA_TECNICA_SEM_OS_MUDANCA,Visita Técnica - Outros,Cliente que não possui OS e optou pela opção de mudança de endereço
42517,MENU_VISITA_TECNICA_SEM_OS_EQUIPAMENTO,Visita Técnica - Outros,Cliente que não possui OS e optou pela opção de problema no equipamento
42518,MENU_VISITA_TECNICA_SEM_OS_NAOREALIZADA,Visita Técnica - Outros,Cliente que não possui OS e optou pela opção de visita não realizada
42519,MENU_VISITA_TECNICA_SEM_OS_ACOA,Visita Técnica - Outros,Cliente que não possui OS e optou pela opção Outros Assuntos
426,PROBLEMAS_TECNICOS_ACOA,Problema Técnico - ACOA,Cliente selecionou outros assuntos relacionados a Problemas Técnicos.
4261,PROBLEMAS_TECNICOS_SENHA,Problema Técnico - Informa Senha,Cliente informa senha de cadastro para dar prosseguimento ao atendimento.
43,COMPRA_PLANOS_PRINCIPAL,Compras - Outros Produtos,Cliente solicitou a opção de planos de compras.
432,PLANOS_PRINCIPAL_UPGRADE,Troca de Plano,Cliente selecionou a opção de upgrade de seu plano atual.
433,PLANOS_PRINCIPAL_DOWNGRADE,Troca de Plano,Cliente selecionou a opção de downgrade de seu plano atual.
44,ACOA_PRINCIPAL,Menu Principal - Acoa,Menu principal - Ajuda com outros assuntos.
440,ACOA_PRINCIPAL_FROMTIMEOUT,Menu Principal - Acoa,Menu Principal - ACOA de timeout.
441,ACOA_PRINCIPAL_HD,Compras - Pacote HD,Cliente solicita falar sobre outros assuntos relacionados a HD.
442,ACOA_PRINCIPAL_COMPRAS,Compras - Outros Assuntos,Cliente solicita falar sobre outros assuntos relacionados a Compras.
445,ACOA_BANDA_LARGA,Banda Larga,Cliente solicita falar sobre outros assuntos relacionados a Banda Larga.
46,REPETICAO_PRINCIPAL,Menu Principal,Usado quando o usuário escolhe a opção Repetição do Menu Principal Pos Novo
470,CHUTE_DOG_TV,Compras - Dog TV,Pergunta ao cliente se deseja saber mais mais sobre o canal para cachorros
48,RECLAMACOES,Menu Principal - Reclamações,Menu de reclamações.
480001,RECLAMACOES_PRINCIPAL_NOVO_PROBLEMA_TECNICO,Menu Principal - Reclamações,Cliente deseja reclamar sobre a visita de um técnico.
480002,RECLAMACOES_PRINCIPAL_NOVO_APARELHO_OU_SINAL,Menu Principal - Reclamações,"Cliente deseja reclamar sobre um problema com o aparelho SKY, ausência de sinal ou códigos de erro."
480004,RECLAMACOES_PRINCIPAL_NOVO_FATURA,Menu Principal - Reclamações,Cliente deseja reclamar sobre  o valor cobrado em sua fatura.
480005,RECLAMACOES_PRINCIPAL_NOVO_OUTRO_ASSUNTO,Menu Principal - Reclamações,Cliente deseja reclamar sobre qualquer outro assunto.
49,CANCELAMENTO,Cancelamento,"Cliente escolhe a opção de cancelamento, no menu principal."
490,CANCELAMENTO_REP,Cancelamento Total,"Dentro do menu cancelamento, o cliente solicita falar com um representante."
491,CANCELAMENTO_TOTAL,Cancelamento Total,"Dentro do menu cancelamento, cliente informa que quer o cancelamento de todos os produtos que possui."
492,CANCELAMENTO_PRODUTO,Cancelamento de Produto,Cliente informa que deseja cancelar um produto específico.
493,CANCELAMENTO_BANDA_LARGA,Banda Larga,Cliente informa que deseja cancelar o Banda Larga.
4941,CANCELAMENTO_AUTO_OU_NAO,Cancelamento Automático,Cliente optou por Cancelamento Automatico
49411,CANCELAMENTO_AUTO_OU_NAO_REPRESENTANTE,Cancelamento Automático,Cliente optou por Cancelamento com Representante
49413,CANCELAMENTO_AUTO_OU_NAO_REPRESENTANTE_ELEGIVEL_SIMBA_NAO,Cancelamento Automático,O sistema identifica que não é elegível ao SIMBA e segue o fluxo de verificações
4942,CANCELAMENTO_AUTO_OFERTAXXL,Cancelamento Automático,Cliente optou por seguir no cancelamento Automatico (Menu OfertaXXL)
49421,CANCELAMENTO_AUTO_OFERTAXXL_REPRESENTANTE,Cancelamento Automático,Cliente optou por Cancelar com um Representante  (Menu OfertaXXL)
4943,CANCELAMENTO_AUTO_AVISO_FIDELIZADO,Cancelamento Automático,Cliente optou por seguir no cancelamento Automatico (Menu AvisoFidelizado)
49431,CANCELAMENTO_AUTO_AVISO_FIDELIZADO_REPRESENTANTE,Cancelamento Automático,Cliente optou por Cancelar com um Representante (Menu AvisoFidelizado)
4944,CANCELAMENTO_AUTO_FIDELIZADO,Cancelamento Automático,Cliente optou por seguir no cancelamento Automatico (Menu Fidelizado)
49441,CANCELAMENTO_AUTO_FIDELIZADO_REPRESENTANTE,Cancelamento Automático,Cliente optou por Cancelar com um Representante (Menu Fidelizado)
4945,CANCELAMENTO_AUTO_COMODATO,Cancelamento Automático,Cliente optou por seguir no cancelamento Automatico (Menu Comodato)
49451,CANCELAMENTO_AUTO_COMODATO_REPRESENTANTE,Cancelamento Automático,Cliente optou por Cancelar com um Representante (Menu Comodato)
49452,CANCELAMENTO_AUTO_COMODATO_BANDALARGA,Cancelamento Automático,O sistema identifica que é um usuário não fidelizado com comodato
49453,CANCELAMENTO_AUTO_COMODATO_BANDALARGA_REPRESENTANTE,Cancelamento Automático,Usuário não fidelizado apenas com banda larga escolhe falar com especialista
4946,CANCELAMENTO_AUTO_SERASA,Cancelamento Automático,Cliente optou por seguir no cancelamento Automatico (Menu Serasa)
49461,CANCELAMENTO_AUTO_SERASA_REPRESENTANTE,Cancelamento Automático,Cliente optou por Cancelar com um Representante (Menu Serasa)
4947,CANCELAMENTO_AUTO_CONFIRMACAO,Cancelamento Automático,Cliente iniciou Processo de Positivação
49471,CANCELAMENTO_AUTO_CONFIRMA_OK,Cancelamento Automático,"Cliente Positivado, Confirmou Cancelamento"
49472,CANCELAMENTO_AUTO_CONFIRMACAO_REPRESENTANTE,Cancelamento Automático,Cliente optou por Cancelar com um Representante (Menu Confirmacao)
4948,CANCELAMENTO_CHUTE_RECENCIA,Chute Assunto Técnico,Cliente Ouviu Chute de recencia
499,PROBLEMA_TECNICO_FALHA_OU_MSG_NA_TELA,Problema Técnico - Problema de Sinal,"Cliente informou que a imagem está  azul, chuviscada, com chiado ou com alguma outra frase sobre falta de sinal."
4991,OFERECE_SERVICO_TECNICO_SKY,Problema Técnico - Serviço Técnico,O equipamento do cliente está sem garantia. A URA oferece o serviço técnico da SKY para manutenção do equipamento
49911,CONTRATAR_SERVICO_TECNICO_DA_SKY,Problema Técnico - Serviço Técnico,Aceitou contratar o serviço técnico da SKY para manutenção em seu equipamento
5,VISITA_TECNICA,Visita Técnica - Opção Visita Técnica,Cliente selecionou a opção Visita Técnica.
50,VISITA_TECNICA_CHUTE,Chute Assunto Técnico,Cliente ouviu o chute de Visita Técnica.
51,VISITA_TECNICA_CONFIRMAR,Visita Técnica - Confirmar,Cliente deseja confirmar uma visita técnica.
510,OLA_GUARDIAO,Guardião de Vendas,Mensagem de boas-vindas para clientes que tem apenas uma nova proposta de assinatura
5101,CHUTE_PROPOSTA_ANALISE_GUARDIAO,Guardião de Vendas,Questiona se o cliente quer falar sobre a proposta de assinatura ou se quer falar sobre o contrato ativo
5102,SWITCH_GUARDIAO,Guardião de Vendas,Verifica a situação atual da proposta e encaminha para o atendimento ou desliga a chamada passando uma mensagem de acordo com o status da proposta
5103,MENU_SITUACAO_OS_GUARDIAO,Guardião de Vendas,Informa a situação atual da OS relacionada à nova proposta de assinatura
52,VISITA_TECNICA_REAGENDAR,Visita Técnica - Reagendar,Cliente deseja reagendar uma visita técnica.
520,VT_REAGENDAR_DESCONFIRM,Visita Técnica - Reagendar,Cliente deseja cancelar o reagendamento da Visita Técnica.
5200,VT_REAGENDAR_ERRO_ID,Visita Técnica - Reagendar,"Cliente tentou reagendar a Visita Técnica, porém houve erro de identificação."
521,VT_REAGENDAR_UNICO_SLOT,Visita Técnica - Reagendar,Cliente aceita única opção de Visita Técnica possível.
5210,VT_REAGENDAR_UNICO_SLOT_RECUSOU,Visita Técnica - Reagendar,Cliente recusa única opção de visita técnica possível.
522,VT_REAGENDAR_2MIX,Visita Técnica - Reagendar,Cliente aceita opção de Visita Técnica (2 possibilidades).
523,VT_REAGENDAR_3MIX,Visita Técnica - Reagendar,Cliente aceita opção de Visita Técnica (3 possibilidades).
5230,VT_REAGENDAR_3MIX_RECUSOU,Visita Técnica - Reagendar,Cliente recusa opção de Visita Técnica (3 possibilidades).
524,VT_REAGENDAR_4MIX,Visita Técnica - Reagendar,Cliente aceita opção de Visita Técnica (4 possibilidades).
5240,VT_REAGENDAR_4MIX_RECUSOU,Visita Técnica - Reagendar,Cliente recusa opção de Visita Técnica (4 possibilidades).
529,VT_REAGENDAR_2MESMO_DIA,Visita Técnica - Reagendar,Cliente aceita opção de visita técnica mesmo dia (2 possibilidades).
5290,VT_REAGENDAR_2MESMO_DIA_RECUSOU,Visita Técnica - Reagendar,Cliente recusou opção de visita técnica mesmo dia (2 possibilidades).
53,VISITA_TECNICA_CANCELAR,Visita Técnica - Cancelar,Cliente deseja cancelar a visita técnica.
530,VT_CANCELAR_DESCONFIRM,Visita Técnica - Cancelar,Cliente não confirmou o cancelamento da visita técnica.
531,VT_CANCELAR_CONFIRMA_PADRAO,Visita Técnica - Cancelar,Cliente cancela visita técnica.
6,MENU_PRINCIPAL_VC,Troca de Plano,Menu principal do atendimento VC SKY.
60,CHUTE_ALTERA_CADASTRO,Cadastro do Ani de Origem,URA questiona se o cliente deseja cadastrar o número de origem da chamada.
65,VC_MENU_PRINCIPAL_SD,Troca de Plano,Menu principal para clientes que foram identificados como SD.
651,VC_SD_QUER_SABER_SOBRE_HD,Troca de Plano,Cliente SD informa que deseja saber mais sobre o pacote HD.
652,VC_SD_QUER_CONTINUAR_SD ,Troca de Plano,Cliente SD afirma que deseja continuar no pacote SD.
654,VC_SD_QUER_DOWNGRADE_SD_NAO_EH_FIT,Troca de Plano,"Cliente SD deseja fazer downgrade de pacote, e não é identificado pela URA como cliente FIT."
66,VC_MENU_PRINCIPAL_HD,Troca de Plano,Menu principal para clientes que foram identificados como HD.
661,VC_HD_QUER_SABER_SOBRE_HD,Troca de Plano,Cliente HD deseja mais informações sobre os pacotes existentes (em HD).
662,VC_HD_DOWNGRADE,Troca de Plano,Cliente HD deseja fazer downgrade de pacote.
95,MENU_T1,Tier1,Cliente Tier1 Passo1 navegou em tratamento específico
950,CHUTE_TRANSFER_TIER1,Tier1 - Chute,Cliente Tier1 Passo1 navegou no Chute Transferência
9501,CHUTE_TRANSFER_TIER1_DESEJA_FALAR_ASSUNTO,Tier1 - Chute,Cliente Tier1 Passo1 deseja falar do mesmo assunto no Chute Transferência
9502,CHUTE_TRANSFER_TIER1_REJ,Tier1 - Chute,Cliente Tier1 Passo1 interagiu incorretamente no Chute Transferência
951,MENU_T1_COMPRAS,Tier1 - Compras,Cliente Tier1 Passo1 deseja comprar pacote ou upgrade
952,MENU_T1_RECLAMACAO,Tier1 - Reclamação,Cliente Tier1 Passo1 deseja realizar uma reclamação
953,MENU_T1_ATENDENTE,Tier1 - Representante,Cliente Tier1 Passo1 deseja falar com atendente 
954,MENU_T1_REJ,Tier1,Cliente Tier1 Passo1 interagiu incorretamente
9553,SUBMENU_T1_BOOSTER,Tier1 - Menu Técnico,Cliente Tier 1 em passo 1 de cobrança que digitou código válido booster
9554,SUBMENU_T1_BOOSTER_DESEJA_PAGAR,Tier1 - Menu Técnico,Cliente Tier 1 em passo 1 de cobrança que recebeu comando booster e deseja pagar fatura
9555,SUBMENU_T1_BOOSTER_REPRESENTANTE,Tier1 - Representante,Cliente Tier 1 em passo 1 de cobrança que recebeu comando booster e deseja falar com representante
956,MENU_T1_FINANCEIRO,Tier1 - Assunto Financeiro,Cliente Tier1 Passo1 navegou no Menu Financeiro T1P1
9561,MENU_T1_FINANCEIRO_DUVIDA_OU_CONTEST,Tier1 - Assunto Financeiro,Cliente Tier1 Passo1 tem dúvida ou contestação de fatura
9562,MENU_T1_FINANCEIRO_INFORMAR_PAG,Tier1 - Assunto Financeiro,Cliente Tier1 Passo1 pretende informar pagamento
9563,MENU_T1_FINANCEIRO_ALTERAR_DADOS_FATURA,Tier1 - Assunto Financeiro,Cliente Tier1 Passo1 deseja alterar dados da fatura
9564,MENU_T1_FINANCEIRO_OUTROS,Tier1 - Assunto Financeiro,Cliente Tier1 Passo1 quer falar sobre outros assuntos financeiros
9565,MENU_T1_FINANCEIRO_REJ,Tier1 - Assunto Financeiro,Cliente Tier1 Passo1 interagiu incorretamente no menu Financeiro
957,MENU_T1_SUB_FINANCEIRO,Tier1 - Assunto Financeiro,Cliente Tier1 Passo1 navegou no menu Sub Financeiro
9571,MENU_T1_SUB_FINANCEIRO_PAGAR_CARTAO_CREDITO,Tier1 - Assunto Financeiro,Cliente Tier1 Passo1 deseja pagar com cartão de crédito
9573,MENU_T1_SUB_FINANCEIRO_SEGUNDA_VIA,Tier1 - Assunto Financeiro,Cliente Tier1 Passo1 deseja a segunda via da fatura
9574,MENU_T1_INTERNET,Tier1 - Internet,Cliente Tier1 Passo1 navegou no Menu Internet
95741,MENU_T1_INTERNET_DICAS_SITE,Tier1 - Internet,Cliente Tier1 Passo1 deseja dica de pagamento pelo site
95742,MENU_T1_INTERNET_INFORMA_BARCODE_NAO_POSSIVEL,Tier1 - Internet,Cliente Tier1 Passo1 impossível de obter barcode
9575,MENU_T1_LOTERICA_OU_BANCO,Tier1 - Assunto Financeiro,Cliente Tier1 Passo1 navegou no estado LotéricaOuBanco
95751,MENU_T1_LOTERICA_OU_BANCO_COD_ASSIN,Tier1 - Assunto Financeiro,Cliente Tier1 Passo1 deseja código de assinante
95752,MENU_T1_LOTERICA_OU_BANCO_INFORMA_BOLETO,Tier1 - Assunto Financeiro,Cliente Tier1 Passo1 deseja que informe boleto
958,MENU_T1_CANCELAMENTO,Tier1 - Cancelamento,Cliente Tier1 Passo1 navegou no Menu Cancelamento
959,CHUTE_PROBLEMA_SINAL_RECENTE_TIER1,Chute Assunto Técnico,Cliente Tier1 Passo1 navegou no Chute Recência Problema Sinal
960,CHUTE_TRANSFER_TIER1_ADIMPLENTE,Chute Assunto Técnico,Marcado quando o cliente Tier 1 recebe chute questionando se ele deseja falar sobre um mesmo assunto solicitado em uma ligação que foi transferida anteriormente
970,CHUTE_PZERO_TIER1,Tier1 - Chute,Chute para clientes Tier 1 PZero oferecendo informações da fatura com opção de pagamento
971,CHUTE_PZERO,Tier1 - Chute,Chute para clientes Tier 2 ou Tier 3  PZero oferecendo informações da fatura com opção de pagamento
980,MENU_FINANCEIRO_PZERO,Tier1 - Assunto Financeiro,Menu Financeiro para clientes PZero oferecendo opções de pagamento
9801,MENU_FINANCEIRO_PZERO_TIER1_PAGAMENTO_CC,Tier1 - Assunto Financeiro,O usuário escolhe a opção de pagar com o cartão de crédito no menu financeiro de clientes Pzero + Tier 1
981,MENU_FINANCEIRO_PZERO_TIER1,Tier1 - Assunto Financeiro,Menu Financeiro para clientes Tier 1 PZero oferecendo menu com opções de pagamento
9811,MENU_FINANCEIRO_PZERO_PAGAMENTO_CC,Tier1 - Assunto Financeiro,O usuário escolhe a opção de pagar com o cartão de crédito no menu financeiro de clientes Pzero
982,ACEITA_CHUTE_PZERO_TIER1,Tier1 - Assunto Financeiro,Estado que vocaliza informações da fatura depois que o cliente PZero Tier 1 aceitou o CHUTE_PZERO_TIER1
983,MUDA_FORMA_PG,Tier1 - Assunto Financeiro,"Oferece a opção de alterar o método de pagamento para cartão de crédito, quando o cliente em  PZero acabou de efetuar o pagamento e o método de pagamento utilizado é Boleto."